,sentence1,sentence2,labels.label
13,홍선주는 21일 자신의 페이스북에 '뉴스룸' 인터뷰를 한 사람이 자신이라고 공개했다.,"홍선주는 21일 자신의 페이스북에 ""접니다. JTBC '뉴스룸' 손석희 씨와 전화 인터뷰하고 영상 인터뷰까지 한 사람 접니다"" 라고 밝혔다.",2.9
19,다음은 이윤택 전 연희단거리패 예술감독의 사과문 전문이다.,다음은 이윤택 전 예술감독이 밝힌 사과문 전문과 1문 1답 전문이다.,3.2
34,9일 강원도 평창올림픽스타디움에서 열린 평창동계패럴림픽 개막식에서 문재인 대통령이 개회선언을 하고 있다.,9일 강원도 평창 올림픽스타디움에서 2018 평창 동계패럴림픽 개회식이 열리고 있다.,3.1
48,사람들을 만나기에 좋은 날이에요.,대인운이 좋으니 사람을 만나기에 좋은 날입니다.,3.0
73,나도 당했다) 폭로를 통해 뒤늦게 알려졌다.,나도 당했다) 폭로가 이어지고 있다.,2.8
78,전국 낮 최고기온은 5∼13도 수준으로 예상됐다.,전국 낮 최고기온은 4∼13도로 전날(5.3∼11.5도)과 비슷할 것으로 보인다.,2.9
86,오는 4월부터 일반 이용자들도 이용할 수 있게 된다.,오는 4월에는 일반 이용자들도 앱 마켓을 통해 '미니톡'을 내려받아 사용할 수 있다.,2.1
94,경찰은 해당 인터넷 방송사 녹화 영상을 확보해 정확한 사망 경위를 조사하고 있다.,경찰은 운전자와 차량 블랙박스 영상을 토대로 정확한 사고경위를 조사중이다.,2.6
96,남들의 오해를 살 만한 언행은 피하도록 하세요.,00년생 - 다른 사람에게 오해를 살 만한 언행은 피하세요.,2.9
102,"그는 ""법적 절차가 필요하다면 따르겠다.","그는 ""법적 절차가 진행된다면 성실하게 수사에 임하겠다.",2.8
107,"도심재개발 지구는 21개에서 93개(4.5배)로, 아파트 건립은 1만7060가구에서 3만802가구(1.8배)로 증가했다.",도심재개발 지구는 21개에서 93개로 4배 넘게 증가했다.,2.2
109,"더 이상 무슨 말을 하기가 힘들다""라고도 했다.","더 이상 무슨 말을 하기가 힘들고요, 차라리 법원에 가서.",2.5
114,25일 강원도 평창올림픽스타디움 열린 2018 평창올림픽 폐회식에서 엑소(EXO)의 카이가 공연을 펼치고 있다.,25일 강원도 평창 올림픽스타디움에서 열린 2018평창동계올림픽 폐회식에서 공연이 펼쳐지고 있다.,3.1
121,현실에 안주하지 말고 적극적으로 움직이세요.,매사에 자신감을 갖고 적극적으로 움직이세요.,2.4
126,혼자서 모든 짐을 짊어지지 마세요.,혼자서 모든 일을 처리하려고 하지 마세요.,3.2
128,너무 원칙만 고수하지 말고 융통성도 발휘하세요.,너무 자신의 생각만 고집하지 않아야 합니다.,2.4
130,관람 시간은 오전 10시부터 오후 6시까지(3월 4일은 오후 5시까지)다.,관람시간은 오전 10시~오후 6시.,3.2
141,스마트폰 중독과 유해물 노출에 대한 부모들의 걱정을 반영했다는 설명이다.,‘쿠키즈 미니폰’은 스마트폰 중독과 유해물 노출에 대한 부모의 걱정을 적극 반영했다.,2.4
143,"채용 분야인 한 축인 개발 분야는 서버, 블록체인, 데이터, 웹개발, DevOps 등이다.","개발 분야는 서버, 블록체인, 데이터, 웹개발, 데브옵스(DevOps) 등이다.",3.2
144,한국극작가협회는 이 전 감독을 회원에서 제명키로 했고 한국여성연극협회가 비판 성명을 냈다.,한편 한국극작가협회는 이 전 감독을 회원에서 제명한다고 지난 17일 발표했다.,2.7
150,SK텔레콤은 선택약정 요금할인 재약정에 따른 할인반환금도 유예했다.,SK텔레콤은 국내 이동통신사 중 최초로 선택약정 할인반환금 구조도 전면 개편했다.,2.1
152,밀양연극촌 이사장은 최근 성폭력으로 비난에 휩싸인 연극연출가 이윤택 씨가 2014년부터 맡고 있다.,(사)밀양연극촌 이윤택 이사장은 2014년부터 밀양연극촌 이사장직을 맡아 왔었다.,2.9
155,어려운 일은 말띠의 도움을 받도록 하세요.,어려운 일이 있으면 주변의 도움을 구하세요.,3.2
157,더 자세한 내용은 예술경영지원센터 누리집에서 확인할 수 있다.,더 자세한 내용은 홈페이지에서 확인할 수 있다.,2.9
160,경찰과 산림당국은 진화가 완료되는대로 정확한 피해 규모와 화재 원인 조사에 나설 예정이다.,경찰과 소방 당국은 정확한 화재 원인을 조사하고 있다.,2.5
161,이는 2015년 30만2800건에서 2016년 28만1700건으로 내려앉은 이후 또다시 큰 폭의 하락세다.,"2015년 30만2천800건에서 2016년 28만1천700건으로 30만 건이 깨진 후, 작년 또다시 줄었습니다.",2.9
165,삼성전자(대표 권오현 윤부근 신종균)는 공기청정기 신제품 ‘블루스카이 4000’을 출시한다고 26일 밝혔다.,삼성전자는 공기청정기 신제품 ‘블루스카이 4000’을 출시한다고 26일 밝혔다.,2.8
166,증권가에서는 갤럭시S9 시리즈의 출하량을 최소 4100만대에서 최대 4500만대로 보고 있다.,증권가에서는 약 4100만대부터 최대 4500만대까지 판매량이 증가할 수 있을 것이라고 분석했다.,3.0
170,바깥 활동보다는 내부 관리에 힘써야 하는 시기입니다.,내부나 아랫사람 관리에 힘쓰도록 하세요.,2.7
179,상대방의 내면을 잘 살피는 것이 좋습니다.,상대방의 변심에 주의하는 것이 좋습니다.,2.9
180,여기 저기 갈 곳이 많으니 분주한 날입니다.,갈 곳이 많아지고 재복도 좋은 날이다.,2.0
181,이동통신 3사는 예년과 마찬가지로 개통 행사를 연다.,이동통신3사는 예약가입자 개통 첫날인 3월 9일에 출시 기념 행사를 열 예정이다.,2.0
182,이번 사고로 실종자는 5명 사망자는 2명이 됐다.,이 사고로 근룡호 선원 7명 중 2명이 숨지고 5명이 실종됐다.,3.0
184,경찰과 소방당국은 차량 결함으로 불이 난 것으로 보고 정확한 원인을 조사 중이다.,경찰과 소방당국은 목격자 진술 등을 토대로 화재원인을 조사 중이다.,2.9
188,논란은 여기서 그치지 않습니다.,하지만 폭로는 여기서 그치지 않았다.,3.2
192,자세한 내용은 삼성전자 소셜 채널을 통해 10일부터 확인할 수 있다.,자세한 내용은 삼성전자 갤럭시S9 홈페이지를 통해 확인할 수 있다.,2.4
193,전국이 맑은 가운데 큰 추위는 없을 것으로 보인다.,전국이 대체로 맑고 포근할 것으로 보인다.,3.1
194,특별 보상 프로그램은 갤럭시S9·S9+ 사전예약 구매고객의 개통이 시작되는 3월9일부터 6월30일까지 진행된다.,특별 보상 프로그램은 3월 9~6월 30일 진행된다.,2.0
195,맺고 끊는 것을 확실히 하고 의사를 분명히 밝히세요.,맺고 끊는 것을 분명히.,3.2
196,이동통신3사는 이날부터 예약구매자 사전개통을 시작하며 가입자 모으기에 나섰다.,이동통신3사는 예약가입자 개통 첫날인 3월 9일에 출시 기념 행사를 열 예정이다.,1.9
200,이해진 창업자가 물러난 자리엔 네이버 비즈니스위원회 리더인 최인혁 해피빈재단 대표(47)가 선임된다.,네이버는 이해진 창업자의 자리를 최인혁 비즈니스위원회 리더가 대신하게 된다.,3.1
201,세계이동통신사업자협회(GSMA) 공동관 ‘이노베이션 시티’에 참여하는 KT도 5G 네트워크와 서비스를 소개한다.,KT는 세계이동통신사업자협회(GSMA) 공동 주제관인 ‘이노베이션 시티’에 화웨이 등 해외 기업들과 함께 참여한다.,2.4
203,다른 사람 믿었다가 낭패를 볼 수 있어요.,다른 사람의 말에 현혹되지 마세요.,2.3
204,앞뒤를 잘 살피고 분위기 파악을 잘 하세요.,주변 분위기를 잘 살피도록 하세요.,3.1
213,특히 다른 사람의 일에 끼어들거나 참견하지 마세요.,56년생 - 다른 사람의 일에 끼어들지 마세요.,2.7
214,이후 질병관리본부는 역학조사를 통해 신생아들이 시트로박터균에 감염된 경로를 추적했다.,이후 질병관리본부가 균 감염 경로를 추적해 사망 원인이 드러난 겁니다.,2.4
215,오늘은 푹 쉬면서 기분 전환을 하는 것이 좋습니다.,오늘은 푹 쉬는 것이 좋아요.,3.2
217,모토로라는 모듈형 스마트폰 모토모즈를 선보였다.,레노버가 인수한 모토로라는 조립형 스마트폰인 ‘모토모즈’를 MWC에서 공개했다.,2.6
219,머리 쓰는 일은 다음으로 미루는 것이 좋습니다.,잘 풀리지 않는 일은 미루는 것이 좋습니다.,2.6
220,TV·VTR 시장도 성장해 서울 가구당 보급률은 1981년 0.18대에서 1989년 1.04대로 크게 늘었다.,1981년 가구당 TV 보급률은 0.18이었으나 1989년 1.04로 크게 올랐다.,3.0
221,판매가는 79유로(한화 약 10만5000원) 정도로 저렴하다.,5월부터 판매되며 가격은 79유로(약 10만 4000원)이다.,3.1
223,서두르면 스타일만 구길 수 있어요.,서두르다가 돌부리에 걸려 넘어질 수 있어요.,1.8
225,금전 때문에 구설이 따르기 쉬운 날입니다.,구설이나 관재를 조심해야 하는 날입니다.,2.4
228,너무 욕심내지 말고 순리대로 끌고 가세요.,너무 큰 것을 바라거나 욕심내지 마세요.,2.4
229,미투보다 그 이후가 더 중요하다”는 말로 방송을 마무리했다.,미투가 근본적인 변화를 일으키기 위해서는 그 이후가 더 중요하다”는 말로 마무리했다.,2.9
230,검찰은 다음 달 중으로 이 전 대통령을 소환 조사할 방침인 것으로 알려졌다.,검찰은 다음 달 초 그를 피의자로 불러 조사하는 방안을 유력하게 검토 중이다.,3.2
232,다행히 이 사고로 인한 인명피해는 없다고 소방 관계자는 전했다.,다행히 인명피해는 없는 것으로 파악됐다.,2.7
233,다행히 인명피해는 없는 것으로 파악됐다.,다행히 이 사고로 인한 인명피해는 없다고 소방 관계자는 전했다.,2.7
235,[뉴스1] 신연희 서울 강남구청장이 28일 구속됐다.,신 구청장은 구청 돈을 빼돌린 혐의 등으로 28일 구속됐다.,2.8
236,한국과도 인연이 깊다.,헝가리 쇼트트랙 대표팀은 한국과 인연이 깊다.,2.2
239,이에 따라 경찰은 진행 중이던 내사를 종결했다.,검찰이 직접 수사에 들어감에 따라 경찰이 진행하던 내사는 종결됐습니다.,2.6
240,오늘 저로 인해 피해를 당하신 분의 소식을 들었습니다.,윤 대표는 “오늘 저로 인해 피해를 당하신 분의 소식을 들었습니다.,3.1
251,윗사람에게 인정을 받게 되는 날입니다.,선생님이나 손윗사람의 인정을 받게 되는 시기입니다.,2.4
252,가까운 사람을 소홀히 대접하지 마세요.,가까운 사람과의 즐거움이 있습니다.,2.1
254,그는 당시 여주지청에서 통영지청 수석검사로 발령 났다.,당시 여주지청에서 근무했던 서지현 검사는 잔류를 원했지만 검찰총장의 경고를 받고 통영지청으로 발령됐습니다.,2.3
255,민주노총 전북본부도 주변국들에 진정 어린 대화 의지를 촉구했다.,민주노총 전북본부도 남북 정상회담 개최에 대해 지지하고 나섰다.,1.8
257,정신을 바짝 차리고 실수하지 않도록 하세요.,유흥을 즐기되 정신을 바짝 차리세요.,2.0
264,큰 것에 욕심을 내면 얻는 것이 적을 거에요.,너무 큰 것만 노리지 말고 작은 것부터 챙기도록 하세요.,2.6
269,KT가 5G기반 VR게임 ‘스페셜포스VR’을 선보인 것이 대표적이다.,스페셜포스 VR은 드래곤플라이와 KT가 공동개발한 것이다.,1.8
273,행동은 잠시 미루는 것이 좋습니다.,여행이나 이동도 잠시 미루는 것이 좋습니다.,3.2
274,서두를수록 오히려 일이 꼬일 수 있어요.,주저하거나 망설이면 일이 꼬일 수 있어요.,2.9
275,부산교통공사(사장 박종흠)와 한국전기공사협회 부산시회는 최근 부산교통공사 회의실에서 '지역경제 활성화를 위한 업무협약'을 체결(사진)했다.,부산교통공사(사장 박종흠)와 부산대학교(총장 전호환)는 22일 부산대 총장실에서 산학협력 협약을 체결했다고 밝혔다.,1.8
277,"후면 1200만·전면 800만 화소의 카메라가 탑재되며, 슬로모션 기능도 지원된다.",후면은 물론 전면 역시 1300만 화소의 고화질 카메라를 탑재해 프리미엄급의 성능을 자랑한다.,2.3
280,"성폭행 의혹에 대해선 ""성관계는 있었지만 강제성은 없었다""며 부인했다.",성폭행에 강제성이 없었다는회견장을 뛰쳐나올 수밖에 없었다”고 밝혔다.,2.3
281,"월보험료 상한선도 직장가입자는 243만7,000원에서 309만7,000원으로, 지역가입자는 232만4,000원에서 309만7,000원으로 인상된다.","지역가입자의 보험료 상한액도 현재 월 232만4000원에서 7월부터 309만7000원으로 인상되고서, 해마다 자동 조정된다.",2.6
283,청와대 국민청원 게시판에도 이씨를 처벌 및 조사해달라는 청원이 연일 올라오고 있다.,청와대 국민청원 게시판에 올라온 글,2.1
286,또 갤럭시S 시리즈 매니아 고객 9명을 초청해 ‘S어워즈’를 시상했다.,SK텔레콤은 개통행사에 고객 9명을 초청해 S어워즈를 시상했다.,2.2
293,검찰 핵심 관계자는 “다스가 이 전 대통령 소유라는 결론으로 가고 있다”고 말했다.,검찰이 다스의 실소유주를 이 전 대통령으로 보고 있다는 방증이다.,2.9
295,LG디스플레이는 2010년부터 파주사업장 인근 상가단지에 임직원을 위한 어린이집을 열고 운영해왔다.,LG디스플레이는 8일 파주사업장에 위치한 ‘정다운 어린이집’ 확장 개원식을 연다.,2.0
296,노력하면 노력한 만큼 결과가 좋을 거예요.,노력하는 자만이 행운을 움켜쥘 수 있을 거예요.,2.7
303,안희정 전 충남도지사 고소 사건을 접수한 서울서부지검은 곧바로 여성아동범죄전담부에 배당했습니다.,고소장을 접수한 검찰은 서울중앙지검 4차장 산하 여성아동범죄조사부(부장검사 홍종희)에 사건을 배당했다.,2.4
308,이어 “(공작의 사고방식으로는) ‘피해자를 준비시켜 진보 매체에 등장시켜야 겠다.,그러면 피해자들을 준비시켜 진보매체를 통해 등장시켜야겠다.,2.9
314,완성된 결과물은 재미있게 편집해 페이스북으로 쉽게 공유할 수 있다.,3D 스캐닝 결과물은 앱에서 페이스북에 손쉽게 업로드 할 수 있다.,2.1
316,건강과 스트레스 관리에 힘쓰도록 하세요.,건강에 무리가 올 수 있으니 주의하세요.,2.0
317,[한국경제TV e뉴스팀] 미성년자 단원들까지 성폭행한 경남 김해 극단 번작이 대표가 경찰에 체포됐다.,[스타뉴스] 미성년자 성폭행 혐의에 휘말린 김해 지역 극단 대표가 연극협회로부터 제명 조치됐다.,1.9
318,밀양연극촌 중심에는 처음부터 연희단거리패를 이끌던 이 씨가 있었다.,밀양연극촌은 연희단거리패를 처음부터 이끈 이씨가 2014년부터 이사장으로 있는 극단이다.,2.9
319,한국교통안전공단은 대전 라온컨벤션에서 자동차사고 피해가정 지원을 위한 'TS희망봉사단 발대식'을 했다고 24일 밝혔다.,공단은 2010년부터 TS희망봉사단을 조직해 자동차사고 피해가정에 정서적 지원을 제공하고 있다.,1.8
320,이윤택 연출로부터 성추행을 당했다는 연희단거리패 옛 단원들의 '미투' 고백도 계속되고 있다.,이윤택 연출에 성추행과 성폭행을 당했다는 피해여성들의 ‘미투(#Me Too)’가 꾸준히 늘어나고 있다.,3.2
323,김씨는 지난해 대통령선거의 더불어민주당 경선 때 안 지사 캠프에서 일했다.,김씨는 지난 대선 기간 안 지사의 홍보기획관으로 일했다.,3.1
325,서해안고속도로 서울 방향은 일직분기점→금천나들목 3.8㎞ 구간에서 차량이 거북이걸음을 하고 있다.,서해안고속도로 서울 방향은 23.6㎞ 구간에서 시속 40㎞ 미만으로 서행하고 있다.,2.2
326,휴대전화를 새로 구매하지 않는 이용자도 가입할 수 있다.,무약정 플랜은 휴대전화를 새로 구매하지 않는 고객도 가입할 수 있다.,3.2
328,"지방에서 수도권 방향으로 총 38만대가 이동할 전망이고, 오후 3시 기준으로 22만대가 들어왔다.","수도권에서 지방으로 향하는 차량은 38만대, 지방에서 수도권으로 진입하는 차량은 42만대로 예상된다.",2.9
329,매주 월요일은 휴관한다.,전시 관람은 무료이며 매주 월요일은 휴관한다.,2.5
330,서해안고속도로 서울방향은 일직분기점→금천나들목 3.8㎞ 구간에서 차량이 거북이걸음을 하고 있다.,서해안고속도로 서울 방향은 23.6㎞ 구간에서 시속 40㎞ 미만으로 서행하고 있다.,2.1
332,오디세이학교는 고등학교 1학년 학생을 대상으로 대안교육을 통한 진로 탐색 기회를 제공한다.,오디세이학교 학생들은 1년간 공통교육과정과 선택교육과정을 함께 배운다.,1.8
334,"몇 차례, 차에서, 무대에서, 대표실에게 나에게 요구했다.","차와 무대, 대표실 등에서 수차례 관계를 요구했다고도 썼다.",3.0
336,"빠르게 움직이는 물체를 문제없이 촬영할 수 있고, 어두운 곳에서도 촬영이 가능하다.",여기에 빠르게 움직이는 피사체를 안정되게 촬영하는 '슬로모션'기능이 향상될 것으로 보인다.,2.0
340,또 대구방문 일본 의료관광객도 2017년 1300여명으로 전년 694명에 비해 87% 이상 늘었다.,대구를 찾은 러시아 의료관광객 수는 2015년 291명에서 2016년 1295명으로 크게 늘었다.,1.8
341,"일본은 7엔드까지 2-3으로 밀렸으나, 8·9·10엔드에서 1득점씩 올리며 맹추격, 역전극을 펼쳤다.",9엔드까지 7-6으로 앞서던 한국은 10엔드에 아쉽게 1점을 내주며 일본에 동점을 허용했다.,2.1
342,함께 데이트하고 영화도 보고 싶지만 멀리 떨어져 있어 방학까지 기다려야 한다.,함께 영화나 예능을 보고 싶어도 멀리 있어 불가능했다.,2.1
343,이에 분쟁조정위는 당사자에게 임차인 원상복구 의무 범위를 설명했다.,분쟁조정위를 거쳐 양측은 임차인의 원상복구 책임 없이 임대차계약 해지에 상호 합의했다.,1.8
348,동해안에는 너울성 파도가 해안도로나 방파제를 넘는 곳이 있으므로 안전사고에 대비해야 한다.,동해안에서는 너울성파도도 조심하셔야겠습니다.,2.5
350,매매나 계약 등 문서를 처리할 때는 신중을 기하세요.,다른 사람과의 동업이나 계약은 신중을 기하세요.,2.2
351,[디지털타임스] LG전자가 이탈리아에서 초프리미엄 브랜드 'LG 시그니처'를 앞세워 프리미엄 마케팅을 강화하고 있다.,LG전자는 이태리에서 프리미엄 브랜드 '시그니처'를 앞세워 프리미엄 마케팅을 강화하고 있다고 27일 밝혔다.,3.1
352,MBC는 28일 사진작가 로타에게 성추행을 당했다고 주장하는 여성의 인터뷰를 내보냈다.,지난달 28일 MBC ‘뉴스데스크’는 5년 전 로타에게 성추행을 당했다는 A씨의 인터뷰를 보도했다.,3.0
355,"사법연수원과 사법정책연구원에서도 각 1명, 대법원 재판연구관 중에서는 2명의 판사가 대표회의에 참여한다.",대법원 재판연구관들도 2명의 대표판사가 대표회의에 참여합니다.,2.9
356,지나친 호언장담은 득보다 실이 많습니다.,84년생 급한 성미는 득보다 실이 많다.,2.0
357,매사가 순조로우니 몸과 마음이 편안한 한 주에요.,매사를 순리대로 행하면 편안하다.,2.7
358,보호자가 관리해야 하는 상황이라면 발톱 깎는 것이 두렵지 않도록 해줘야 합니다.,보호자가 할 수 있는 반려견 발톱 관리하기 방법을 소개한다.,2.1
359,직원들은 휴게실 등에 모여 전날 방송된 뉴스 내용을 놓고 대화를 나눴다.,휴게실 등에서는 삼삼오오 모여 전날 보도된 뉴스를 놓고 대화를 나눴다.,3.2
364,돈보다는 사람의 마음을 얻는데 주력하세요.,사람의 마음을 얻어야 자신이 원하는 것도 얻을 거에요.,2.4
366,청년실업률과 집값이 치솟고 있는 현실이 결혼을 망설이게 하고 있다.,상당수의 청년들이 글자그대로 경제적 문제로 인해 결혼과 출산을 못하고 있는 상황인 셈이다.,1.8
370,일요일인 25일 낮부터 차차 맑아질 것으로 기상지청은 내다봤다.,내일은 낮부터 차차 맑아지겠습니다.,2.1
371,"이에 관련, 부산고용노동청은 전면 작업중지 명령을 내리고 현장에 근로감독관을 파견했다.",부산고용노동청은 이날 해운대 엘시티 신축공사 전반에 대해 전면 작업중지를 명령했다.,2.1
374,섣불리 속단하지 말고 끝까지 지켜보세요.,62년생 끝까지 지켜봐야 합니다.,1.9
377,업그레이드된 모바일 iOS용 SAP 클라우드 플랫폼 SDK도 선보였다.,차세대 iOS용 SAP 클라우드 플랫폼 SDK도 새롭게 업데이트 됐다.,3.2
378,기분 상하는 일이 있어도 나서지 마세요.,97년생 - 기분 상하는 일이 있어도 웃어 넘기세요.,2.2
383,다음 동계올림픽은 2022년 중국 베이징에서 열린다.,평창과 도쿄에 이어 2022년엔 베이징에서 동계 올림픽이 열린다.,3.1
384,뿌린 만큼 거두게 되는 형국이니 걱정하지 않으셔도 됩니다.,뿌린 만큼 거둬들이는 하루이니 그동안 당신이 뿌린 씨앗이 결실을 맺게 될 것입니다.,2.4
385,여론조사 대상 인원은 아직 정해지지 않았다.,A: 아직 정해지지 않았다.,2.0
386,14조 아웃코스에 배정된 차민규의 상대로는 주니오 길모어(캐나다)가 달린다.,함께 달린 상대는 주니오 길모어(캐나다)였다.,2.1
388,개정된 법률은 공포 후 6개월 뒤부터 시행된다.,개정된 '대중문화예술산업발전법'은 공포 후 6개월 이후부터 시행된다.,2.9
391,수원시 광교산상생협의회 관계자들이 협약식 후 기념촬영을 하고 있다.,업무협약 후 기념촬영 모습.,1.8
392,화나고 짜증나는 일이 있어도 겉으로 티를 내지 마세요.,좋은 일이든 나쁜 일이든 겉으로 티를 내지 마세요.,2.8
394,"기상청은 ""기온은 평년과 비슷하지만 내륙을 중심으로 낮과 밤의 기온차가 크겠다""며 주의를 당부했다.","기상청 관계자는 ""당분간 낮과 밤의 기온차가 크겠다""며 ""건강관리에 유의해야 한다""고 당부했다.",3.1
399,조씨는 청주대학교 연극영화과 교수로 재직할 당시 다수의 여학생을 성추행했다는 의혹이 불거졌습니다.,오랫동안 서울예대 교수로 재직해온 원로 연극연출가의 성추행 의혹도 제기됐다.,2.1
400,조사단은 A씨에 대해 입국 시 통보 및 출국 금지 조처를 내리며 압박했습니다.,조사단은 현재 A 전 검사에 대해 입국 시 출국금지 조치를 해놓은 상태다.,2.9
401,구매 고객 대상 다양한 프로모션도 마련했다.,구매 고객 대상으로 '원 플러스 원' 프로모션도 진행한다.,3.1
403,최씨의 남편은 하루 뒤인 20일 “딸아이가 숨을 쉬지 않는다”고 119에 신고했다.,A씨는 범행 첫날 “아이가 숨을 쉬지 않는다”며 스스로 119에 신고했다.,2.6
404,성인이 청소년 또는 어린이 교통카드나 할인권을 부정 사용하는 사례도 28%(502건)를 차지했다.,적발된 유형 중에는 청소년이 어린이 할인권을 부정사용한 경우가 1천207건(58%)으로 가장 많았다.,2.4
405,"생명을 다루는 직업인만큼, 교육은 엄격할 수밖에 없습니다.",생명을 다루는 직업이기에 가장 소중하게 여겨져야 한다.,2.2
406,전국적으로 건조특보가 유지되면서 산불 등 화재 예방에 각별히 유의해야겠다.,전국적으로 건조특보가 수일째 지속되고 있는데요.,2.1
408,"] 안희정 전 충남도지사가회견을 취소, 검찰이 자신을 소환해 줄 것을 요청했다.",안희정 전 충남지사가 8일회견을 돌연 취소했다.,2.3
413,인명 피해는 없었지만 주변 상점 출입구가 부서지는 등의 피해가 났다.,인명피해는 없는 것으로 알려졌다.,2.2
414,뉴욕타임스(NYT)는 그레이엄 목사가 전립선암과 파킨슨병 등을 앓아왔다고 전했다.,"그레이엄 목사는 지난 몇 년간 전립선 암, 파킨슨 병 등과 싸워왔다.",2.3
418,이후 금융감독원은 검찰에 수사를 의뢰했다.,금융감독원이 검찰에 수사를 의뢰한지 한달만이다.,3.0
421,무리하게 일을 추진하거나 남을 의식하지 마세요.,서두르거나 무리한 일을 벌이지 마세요.,3.0
422,경품이 걸린 이벤트 등에 응모를 해보도록 하세요.,이벤트에 응모해보는 것도 좋고 복권이라 로또를 구매해보는 것도 나쁘지 않습니다.,1.8
426,하고 싶지 않은 일이라 하더라도 끝까지 최선을 다하세요.,자신의 일에 최선을 다하십시오.,2.8
427,인간에게는 위험 회피 편향도 있다.,위험 회피 편향은 보편 원리에 대한 지지로 이어지기 쉽다.,1.8
428,나중에 그가 장문의 문자를 보냈고 미안하다고 넘어가달라고 말했다.,얼마 후 그는 장문의 문자를 보내 내가 잠시 미쳤던것같다.,2.2
429,"노키아는 프리미엄 스마트폰 노키아8 시로코와 노키아8110, 노키아7 플러스 등도 함께 전시했다.",③노키아의 새 프리미엄 스마트폰 ‘노키아8 시로코’의 카메라 기능을 사용하고 있는 모습.,2.0
435,새 장터에서는 성남시에 사용료를 낸 상인 635명이 좌판을 펴고 장사를 한다.,새 장터는 2만2575㎡ 규모에 입점 상인만 635명이다.,1.8
436,LG유플러스가 지난 1월 업계에서는 가장 먼저 이런 제도를 도입했다.,LG유플러스가 1월 도입한 재약정 시 할인반환금 유예 제도도 실시한다.,2.1
446,총 778억원이 투입됐다.,총 1천678억원이 투입된다.,3.1
455,감정적인 말이나 행동은 피해야 할 때입니다.,거짓말이나 변명은 피해야 할 때입니다.,2.8
456,"발견 당시 A씨는 나무에 목매 숨져 있었으며, 유서는 발견되지 않았다.",발견 당시 A씨의 시신에서 타살 혐의점은 발견되지 않은 것으로 알려졌다.,2.5
459,"상호간에 믿고 존중하는 상태에서 성관계는 했다""고 해명했다.","상호간의 믿고 존중하는""이라고 말끝을 흐렸다.",2.2
460,당첨번호 5개와 보너스 숫자를 함께 맞힌 이번 회차의 2등 당첨금은 4천766만7천원이다.,당첨번호 5개와 보너스 번호를 맞힌 2등은 총 46명으로 각 7008만8524원씩 수령하게 된다.,3.1
464,산업위기대응특별지역과 고용위기지역 지정이 근본적인 해결책이 될 수 없다.,정부가 산업위기대응특별지역과 고용위기지역 지정을 추진하고 있다.,2.5
473,조금 욕심을 부려보는 것도 좋습니다.,조금은 가볍게 생각하는 것이 좋을 때도 있습니다.,2.4
474,석면은 폐암과 후두암을 일으키는 1급 발암물질이다.,석면은 세계보건기구가 지정한 1급 발암물질이다.,2.4
476,"이날 아침 최저기온은 -5∼3도, 낮 최고기온은 6∼13도로 예보됐다.","이날 아침 최저기온은 -12∼-1도, 낮 최고기온은 2∼11도로 평년보다 낮겠다.",2.9
479,오랜 친구를 우선해야 하는 날입니다.,새로운 연인이나 친구를 만나는 날입니다.,2.4
482,익산교육지원청 제16대 이수경 교육장 취임 전북 익산교육지원청 제16대 교육장에 이수경씨가 취임했다.,"이수경 신임 교육장은 익산교육지원청 장학사, 이리부송초등학교 교장 등을 역임했다.",2.5
486,오늘은 양보하는 것이 좋은 날입니다.,매사에 자중하는 것이 좋은 날입니다.,2.2
487,"가장 중대하다고 할 수 있는 혐의, 뇌물수수죄로 볼 수 있나요?",가장 중대하다고 할 수 있는 뇌물 혐의가 구형량을 결정지을 것으로 보입니다.,3.0
489,3일 오후 부산 해운대구 엘시티(LCT)공사장 사고 현장에서 관계자들이 현장을 살펴보고 있다.,"2일 오후 부산 해운대 엘시티 공사장에서 추락 사고가 발생, 근로자 4명이 숨졌다.",2.1
501,"연령별로는 40대(찬성 77.9%), 30대(77.4%), 20대(69.6%), 60대 이상(67.0%) 순으로 삭제 의견이 많이 나왔습니다.","연령별로는 20대(18.7%), 30대(17.2%), 40대(14.8%) 순이었다.",2.4
505,포인트 유효기간은 적립 후 36개월까지다.,"포인트 유효기간은 적립 뒤 36개월이며, 휴대전화 해지 시에는 자동소멸된다.",2.0
515,경찰은 피해자가 더 있을 것으로 보고 여죄를 캐고 있다.,경찰은 타살 가능성이 큰 것으로 보고 수사에 나섰습니다.입니다.,1.9
516,"또, 할인반환금(위약금) 구조도 개편해 약정 기간을 채우지 못한 이용자의 부담을 줄였다.",또 약정 기간이 줄수록 할인반환금(위약금) 또한 줄어들 수 있도록 서비스를 개편했다.,3.1
517,인천공항 정규직화와 비트코인을 이어주는 키워드는 ‘무능’이다.,단일팀과 인천공항정규직화를 이어주는 키워드는 ‘노력’이다.,3.0
521,같은 기간 당기순이익은 3.8% 증가한 36억원으로 집계됐다.,"같은 기간 매출액은 1% 오른 396억원, 당기순손실은 205억원 늘어난 210억원으로 집계됐다.",2.3
522,특히 많은 사람을 만나보는 것이 좋습니다.,말 많은 사람들은 멀리 하는 것이 좋습니다.,2.3
529,심한 신체 접촉이 이뤄지자 여성은 촬영장을 급하게 빠져나왔다.,"거부했지만 심한 신체접촉이 이어졌고, 결국 피해자는 촬영장을 급하게 빠져나왔습니다.",3.2
532,현재 이들 지역의 1시간 평균 초미세먼지 농도는 45㎍㎥이다.,"이들 지역의 1시간 평균 초미세먼지 농도는 북부권 103㎍㎥, 동부권 98㎍㎥이다.",3.2
534,애정운과 재물운이 좋은 날입니다.,학업운과 시험운이 좋은 날이에요.,2.6
535,커플인 경우에는 상대방에게 상처를 줄 수 있는 날입니다.,커플인 경우 상대방으로부터 좋은 선물을 받게 될 수 있는 날입니다.,2.8
537,23일 서울 서대문구 연세대학교 노천극장에서 열린 2018학년도 입학식에서 신입생들이 학생명예선언을 하고 있다.,20일 서울 송파구 잠실실내체육관에서 열린 숙명여대 2018 입학식에서 신입생들이 축하공연을 보고 있다.,1.8
538,상대방의 변심에 주의하는 것이 좋습니다.,상대방의 말은 끝까지 듣는 것이 좋습니다.,2.3
540,오는 5월 출시될 예정이다.,내년 1월께 출시될 예정이다.,3.0
541,(사)밀양연극촌 이윤택 이사장은 2014년부터 밀양연극촌 이사장직을 맡아 왔었다.,밀양연극촌 이사장은 최근 성폭력으로 비난에 휩싸인 연극연출가 이윤택 씨가 2014년부터 맡고 있다.,3.0
542,자신없는 일이나 잘 모르는 일은 피하는 것이 좋습니다.,자신의 일은 자신이 해결하는 것이 좋습니다.,2.6
545,2016년 기준 매출 784억원과 영업이익 65억원을 기록했다.,"2016년 기준 지니언스 매출액은 206억15000만원, 영업이익은 38억1100억원이다.",2.1
548,자세한 사항은 시 홈페이지 ·도시디자인과(031-481-2635) 로 문의.,자세한 사항은 도시안전과(2670-3065)에 문의할 수 있다.,3.0
550,무리한 부탁이나 청탁은 피하도록 하세요.,과한 욕심이나 무리한 일은 피하도록 하세요.,3.2
554,20일 새벽 디씨인사이드 연극·뮤지컬 갤러리에 '고발합니다'라는 제목의 글이 올라왔다.,25일 새벽 DC인사이드 갤러리에는 A씨의 전력을 폭로하는 글이 게재됐다.,2.0
557,준준결승에서 1위를 차지한 한국은 ‘최강 전력’ 네덜란드를 준결승에서 피했다.,준준결승에서 2위를 차지한 디펜딩 챔피언 네덜란드(3분40초03)는 결승 진출을 놓고 3위 노르웨이(3분40초09)와 대결한다.,1.9
562,[디지털타임스] 그라비티가 내달 중순 모바일 다중접속역할수행게임(MMORPG) '라그나로크M'을 국내 시장에 출시한다.,[디지털타임스] 펄어비스는 모바일 다중접속역할수행게임(MMORPG) '검은사막 모바일'을 28일 출시했다.,2.3
564,지나치게 사람을 믿지 마세요.,사람을 믿으려면 끝까지 믿도록 하세요.,3.2
571,따라서 내일 새벽에는 대설특보와 호우특보도 내려지겠습니다.,평창 평지와 횡성에는 내일 새벽 대설 예비특보도 내려져 있습니다.,2.0
572,"그러나 노 관장은 ""이혼하지 않는다.",그러나 노 관장은 이혼 반대 뜻을 드러내왔다.,3.1
576,경찰과 소방당국은 현장 정리를 마치는 대로 정확한 사고 원인을 조사할 계획이다.,경찰과 소방당국은 작업 인부들의 진술을 토대로 정확한 사고 원인을 조사 중이다.,2.9
580,자세한 사항은 보성군 홈페이지 및 총무과로 문의하면 된다.,자세한 사항은 인터넷 공식 홈페이지와 서비스센터 등으로 문의하면 된다.,2.3
581,주변 사람들에게 모범을 보여야 하는 시기입니다.,주변 사람들과의 약속을 잘 지키세요.,2.3
583,앞서 조사단은 지난 22일 A부장검사의 부산지검 사무실 등을 압수수색했다.,앞서 조사단은 지난 13일에는 법무부 검찰국을 압수수색하기도 했다.,1.8
584,휴식과 기분 전환이 필요한 날이에요.,가볍고 경쾌한 태도가 필요한 날이에요.,1.8
586,"""그래서 더 잘하려고 노력했다""며 소감을 밝혔다.","""그래서 더 책임감을 느낀다”고 말했다.",2.5
588,낙관적인 태도가 필요한 하루입니다.,매사에 철저한 준비가 필요한 하루입니다.,1.8
589,"대한민국 대표팀(이승훈,김민석,정재원)이 결승 진출 확정후 기뻐하고 있다.","대한민국 대표팀(이승훈,김민석,정재원)이 스타트하고 있다.",2.6
594,시작은 어려워도 결과가 좋은 하루에요.,새로운 일을 시작하기에 좋은 날이에요.,2.4
596,다른 사람과의 내기나 경쟁도 피하도록 하세요.,58년생 - 다른 사람과의 경쟁을 피하지 마세요.,2.8
607,대웅제약이 차기 대표이사로 윤재춘 대웅 대표이사 사장과 전승호 대웅제약 글로벌 사업본부장을 내정했다.,대웅제약도 글로벌화에 초점을 맞추고 43세인 전승호 글로벌사업본부장을 공동대표로 임명할 예정이다.,2.5
617,"아울러 VR, AR 콘텐츠 개발을 위해 50억원 규모의 펀드도 조성한다.",이를 위해 연내 50억원 규모의 펀드를 조성할 수 있을 것이라고 KT는 밝혔다.,1.9
619,당시 성추행 소문이 퍼지자 A 전 검사는 사표를 제출하고 대기업에 취업했다.,당시 검찰 내부에 소문이 퍼지자 A 전 검사는 사직서를 제출하고 검찰을 떠났다.,3.0
625,검은사막 모바일은 인기 PC 다중접속역할수행게임(MMORPG) 검은사막을 기반으로 한 모바일 게임이다.,팡야 모바일은 유명 PC온라인 게임 지식재산권(IP) '팡야'를 기반으로 한 모바일 게임이다.,2.7
627,밤사이 중부 내륙에는 산발적으로 눈이 날리거나 빗방울이 떨어지는 곳이 있겠다.,경북 동해안은 오전에 눈이 날리거나 약한 빗방울이 떨어지는 곳이 있겠다.,2.6
629,법안은 오는 7월 1일부터 3년간 한시적으로 시행된다.,임기는 2018년 7월 1일부터 3년이다.,1.8
631,또 유영민 과학기술정보통신부 장관 통신3사 COE 회동에도 참석한다.,유영민 과학기술정보통신부 장관.,2.0
635,오늘은 무언가를 새롭게 시작하기보다는 지금까지 해오던 일을 수정하고 보완하며 지내기에 적당합니다.,오늘은 무엇인가 새로운 느낌으로 새로운 일들을 시작하게 될 것 같습니다.,1.9
639,화웨이 스마트폰과 마찬가지로 지문 인식 기능을 가졌다.,삼성페이와 지문인식 기능이 장착됐다.,1.8
643,"옷은 새 옷이 좋고, 사람은 옛 사람이 좋아요.",“옷을 좋아하는 사람은 실제 성공한 사람들이 많아요.,2.2
644,검찰은 이 전 대통령에 14일 출석을 통보했다.,검찰은 자연인 신분이 된 박 전 대통령에게 같은 달 21일 출석을 통보했다.,1.9
652,PC방 시장 점유율도 40%를 돌파하며 1위를 이어가고 있다.,카카오 배틀그라운드는 PC방 시장 점유율도 40%를 넘기며 1위를 달리고 있다.,3.2
655,이 불로 2층짜리 경량철골조 건물 일부가 탔지만 다행히 인명피해는 없었습니다.,이 사고로 건물 벽 일부가 훼손됐으나 인명피해는 없었다.,2.5
658,22일 충북 지역은 대체로 맑다가 오후 늦게 북부 지역부터 눈이 내리겠다.,25일 대전·충남지역은 오전에 구름이 많고 오후에 대체로 맑겠다.,1.9
660,"전주기상지청 관계자는 ""당분간 기온이 올라 포근하겠으나 일교차가 크겠으니 건강관리에 유의해야 한다""고 말했다.","기상지청 관계자는 ""오늘까지 평년보다 기온이 낮아 건강관리에 주의가 필요하다""고 말했다.",2.8
671,경찰 관계자는 “피해 사례가 더 있을 것으로 보고 여죄를 조사하고 있다”고 말했다.,경찰은 비슷한 피해를 본 외국인이 더 있을 것으로 보고 수사를 확대하고 있다.,2.8
675,그러나 미국에서만큼은 사뭇 다르다.,그러나 현실은 다르다.,2.0
686,사람을 믿으려면 끝까지 믿도록 하세요.,사람을 잘 가려서 만나도록 하세요.,2.3
690,모집 대상은 30명이다.,모집인원은 선착순 20명이다.,2.6
691,적당히 속도 조절을 하는 것이 좋습니다.,적당한 선에서 자신의 지출을 컨트롤 할 수 있도록 하는 것이 좋겠습니다.,2.0
695,주변 사람들의 인정도 받으니 금상첨화가 될 것입니다.,주변 사람들과 나눈다면 기쁨이 배가 될 것입니다.,2.3
702,2004년 겸임 교수로 청주대 강단에 섰던 조씨는 2010년 조교수로 임용됐다.,2010년 이 대학 연극학과 조교수로 부임한 A씨는 8년째 강단에 섰습니다.,1.9
708,돈과 연관된 일들이 잘 풀리는 날입니다.,하는 일마다 아주 잘 풀리게 되는 날입니다.,2.7
717,오는 4월 글로벌 시장에 출시되며 가격은 749유로(약 99만원)다.,오는 5월부터 판매되며 가격은 79유로(약 10만4000원)이다.,3.1
721,매사에 조심하면 지내는 것이 좋은 하루에요.,매사에 속전속결하는 것이 좋습니다.,1.9
722,작은 것을 취하는 것이 좋은 날이에요.,오늘은 양보하는 것이 좋은 날입니다.,2.4
728,선생님이나 손윗사람의 인정을 받게 되는 시기입니다.,사람들에게 인정을 받고 명예와 재물을 얻게 되는 시기입니다.,2.0
732,"낮 기온은 영서 7∼9도, 영동 8∼10도로 평년과 비슷하거나 다소 높겠다.",낮 최고기온은 5∼9도로 평년 기온과 비슷한 수준을 보이겠다.,2.9
736,노력하는 자만이 행운을 움켜쥘 수 있을 거예요.,노력하는 모습을 보여야 합니다.,2.4
751,자신의 실수나 잘못이 있다면 깨끗이 인정하세요.,자신의 잘못이 있었던 것은 아닌지 기억을 헤집었다.,2.0
763,공단은 2010년부터 TS희망봉사단을 조직해 자동차사고 피해가정에 정서적 지원을 제공하고 있다.,한국교통안전공단은 대전 라온컨벤션에서 자동차사고 피해가정 지원을 위한 'TS희망봉사단 발대식'을 했다고 24일 밝혔다.,1.9
764,2차 피해 방지대책을 강화한다.,2차 피해 여부와 재발방지대책 등을 집중 점검할 예정입니다.의 보도입니다.,2.1
766,작은 변화도 놓치지 않는 것이 좋습니다.,새로운 변화는 서서히 추진하는 것이 좋습니다.,2.3
768,조그만 선물이나 이벤트를 준비하세요.,특별한 선물이나 특별한 이벤트를 경험하게 될 수도 있습니다.,2.8
776,해경은 나머지 한명에 대한 신원확인을 진행하고 있다.,해경은 나머지 선원 5명을 찾기위해 수색을 계속하고 있다.,2.4
777,22일 중부 지방은 밤부터 흐려져 서울·경기·강원 영서·충청 북부에서 곳에 따라 눈이 내리겠다.,22일 충북 지역은 대체로 맑다가 오후 늦게 북부 지역부터 눈이 내리겠다.,3.1
784,서울의 경우 낮 최고 7도까지 오르겠고 남부지방은 10도를 웃도는 곳이 많겠다.,"서울은 최고 10도, 대구와 창원은 11도, 광주는 15도까지 올라 일교차가 크겠습니다.",2.1
786,"관람 시간은 평일 오전 9시∼오후 8시, 토·일·공휴일은 오전 9시∼오후 6시(3월부터는 오후 7시)까지다.",운영 시간은 평일 오전 9시 30분부터 오후 6시 30분까지다.,2.5
789,스트레스가 늘어나지만 얻는 것도 많을 것입니다.,주위에 베푼 만큼 얻는 것도 많을 것입니다.,2.2
791,예상강수량은 제주도에 5~20㎜이며 제주도 산지 인근에는 1~3㎝의 눈이 쌓이겠다.,"예상 강수량은 강원 영동·전남·영남·제주에서 5~20㎜, 제주 산지 10~40㎜, 서울·경기·강원 영서·충청·전북 5㎜ 안팎이다.",2.5
795,토요일인 24일 충북은 가끔 구름이 많겠으나 기온은 평년보다 높아 포근하겠다.,토요일인 내일(24일)은 포근한 날씨가 예상됩니다.,2.5
813,이번 시연회에 참가하는 로봇의 상대는 춘천기계공고 소속 강원도 고등부 컬링팀이다.,"이번 시연회는 인공지능 컬링로봇과 춘천기계공고 팀의 2엔드 경기로 진행됐고, 인간이 3대0으로 승리했다.",1.9
815,"A가 비례 원리를 어겨서인가, 보편 원리를 어겨서인가?","일베의 눈에, 다들 비례 원리를 어겼다.",1.9
820,평창 동계올림픽이 열리는 대관령과 강릉의 최저기온은 각각 -4도와 2도로 예보됐다.,올림픽이 열리는 평창과 강릉도 맑겠고 평창 산악지역은 체감온도 -10도에 달하겠습니다.,2.7
821,객장(오프라인 매장)을 활용한 서비스도 준비중이다.,또한 객장을 활용한 가상화폐 관련 서비스도 준비 중이다.,2.5
829,당신의 실력과 재주를 너무 과신하지 마세요.,당신의 실력과 재능을 마음껏 발휘해 보도록 하세요.,2.8
844,무조건 밀고 나가는 것이 좋은 날입니다.,나서기 보다는 관망하는 것이 좋은 날입니다.,2.7
869,서해상과 동해상에 바람이 강하게 불 것으로 전망되고 서해상에는 돌풍·천둥·번개가 치는 곳이 있겠다.,"서해안과 동해안, 강원도 산지는 바람이 강하게 불 전망이므로 시설물 관리에 유의해야 합니다.",2.2
876,"조씨는 징계가 내려지자 사표를 냈으며, 청주대는 20일 사표를 수리하고 면직 조처(2월28일자)했다.",청주대는 조씨의 사표를 수리하고 면직절차를 밟고 있다.,2.8
882,정부에 대해서도 “군산조선소 가동 중단과 한국GM 군산공장 폐쇄에 책임이 있다”고 강조했다.,정부는 한국GM 군산공장 폐쇄에 따른 범정부적 TF 구성에 나설 계획이다.,1.8
883,“성폭력 사건은 무엇보다 피해자가 느끼는 성적 수치심이 중요하다.,“성폭력 사건은 피해자가 드러내기 전에는 알 수 없다.,2.2
888,무엇이든 함께 해야 결과가 좋을 거에요.,"무엇이든, 과하면 좋지 않습니다.",2.3
890,빈소는 신촌세브란스병원 장례식장 17호에 마련됐으며 발인은 23일 오전 7시다.,김 회장의 빈소는 신촌세브란스병원 장례식장에 마련됐으며 발인은 오는 8일 오전 8시 30분이다.,2.9
903,이후 C씨는 정신과 치료를 받으며 피폐한 삶을 살아야 했다.,정신과 치료를 받고 있다.,2.0
905,평가는 국민권익위가 전국 243개 광역·기초 지방자치단체를 대상으로 실시했다.,"행정안전부와 국민권익위원회의 평가는 전국 지자체와 중앙행정기관, 시·도교육청 등 302개 기관을 대상으로 진행됐다.",2.4
914,GGGI 의장 임기는 2년이며 연임도 가능하다.,"임기는 2년이며, 1회 연임이 가능하다.",3.0
919,어려움이 사라지고 좋은 기회가 찾아오는 때입니다.,좋은 기회가 찾아오니 주위를 잘 살피도록 하세요.,2.5
920,이날 군산 미세먼지 농도는 '나쁨' 단계를 보이고 있다.,이날 미세먼지 농도는 전 권역에서 ‘보통’ 수준을 보이리라고 예보됐다.,2.4
925,"2021년 전체 데이터센터 워크로드는 2016년 대비 2.3배 증가하며, 클라우드 워크로드는 2.7배 늘어난다.",2020년까지 백본망이 2017년 대비 9배 증가한다고 예측했다.,1.8
926,말하지 않으려 했습니다.,말하지 않으면서 더 크게 말하는 수도 있는 법이다.,2.5
927,싱글인 분의 경우라면 조금은 색다른 사람이 나타날 확률이 높습니다.,싱글이라면 당신의 외로움을 달래줄 사람이 금세 나타나지 않습니다.,2.2
933,김소남 전 의원은 2008년 비례대표 공천을 받았습니다.,김 전 의원은 비례대표 7번을 받고 당선됐습니다.,2.8
936,1월28일 전남 완도군 청산도 인근 해역에서 침몰한 어선의 승선원 2명이 숨진채 발견됐다.,완도해양경찰서 제공 전남 완도군 청산도 인근 해상에서 어선이 뒤집힌 채 발견됐다.,2.6
937,있는 듯 없는 듯 조용히 지내야 하는 시기입니다.,몸을 낮추고 조용히 지내야 하는 시기입니다.,2.8
941,모든 일을 의욕만으로 해결할 수 없습니다.,혼자서 모든 것을 해결할 수 없다.,3.0
946,사람이든 일이든 첫 단추를 잘 꿰도록 하세요.,사람을 잘 가려서 만나도록 하세요.,1.9
958,꿈꾸는 아이들의 학교 제공 -대안학교에서는 공교육에서의 입시교육이 전혀 이뤄지지 않습니까.,‘꿈꾸는 아이들의 학교’에서는 시험을 보기 위한 교과 위주의 학습은 없습니다.,1.8
959,"지역별 아침기온은 서울·인천 -2도, 수원 -4도, 청주·전주 -3도, 대구·광주 -1도 등이다.","기온은 아침에 서울 1도, 춘천 영하 3도, 대구가 영하 1도까지 내려가겠고요.",2.5
961,욕심을 부리면 오히려 가진 것도 잃을 수 있어요.,남을 챙기다가 당신의 것을 잃을 수도 있어요.,2.3
963,중요한 일을 맡거나 승진을 할 수도 있어요.,67년생 - 중요한 일을 맡게 되거나 책임이 무거워지는 시기입니다.,2.0
976,아시아 선수 최초이자 역대 3번째 3개 대회 연속 메달을 목에 걸었다.,아시아 최초 스피드 스케이팅에서 4개 메달을 딴 선수로도 이름을 올렸다.,1.9
984,밀양시는 19일 오후 시내 부북면 가산리 사단법인 밀양연극촌에 무료임대계약 해지를 통보했다고 밝혔다.,밀양시는 이윤택 전 감독이 운영해온 밀양연극촌에 대해 최근 계약 해지를 통보했다.,2.2
988,→현대중 군산조선소 조업 중단과 GM 군산공장 폐쇄가 지역경제에 미치는 영향은.,정부에 대해서도 “군산조선소 가동 중단과 한국GM 군산공장 폐쇄에 책임이 있다”고 강조했다.,2.0
989,강수량은 평년(77.4∼115.4㎜)과 비슷하거나 적겠다.,강수량 또한 평년값(각각 35.9∼111.3㎜·42.5∼98.7㎜)과 비슷한 수준을 나타내겠다.,3.2
992,유 회장의 임기는 2021년 2월까지다.,임기는 2020년 2월까지 2년이다.,2.8
1000,신제품 기능을 기존 제품에 출시와 동시에 업데이트하는 것은 매우 이례적이다.,기존 제품에서도 신제품의 새로운 기능을 사용할 수 있도록 업그레이드 버전이 제공된다.,2.0
1001,단순히 사전예약에 그치지 않고 신청자들에게 재미와 즐거움을 제공한다는 계획이다.,사전예약 신청자들을 위한 별도의 이벤트도 마련돼 있다.,1.8
1002,검찰은 다음 달 초 그를 피의자로 불러 조사하는 방안을 유력하게 검토 중이다.,검찰은 이명박 전 대통령 사위와 대질 조사도 검토 중이라고 합니다.,1.8
1005,바깥 활동이나 모임을 갖는 것도 좋을 거예요.,“모임을 갖거나 미팅하기에 좋은 날입니다.,2.4
1020,구글 안드로이드와 애플 iOS 버전을 모두 출시한다는 것.,애플 iOS 버전도 상반기 중 선보인다.,2.0
1021,"강수량은 경기 동부와 강원 영서에 5㎜ 내외, 나머지 지역에는 5㎜ 미만으로 예측됐다.",강수량은 대부분 지역에서 평년(1∼5㎜)보다 비슷하거나 조금 많겠으나 서울·경기·강원영서는 평년보다 적겠다.,2.0
1022,시는 밀양연극촌 위·수탁 계약에 따라 무료임대계약 해지 사유가 충분하다고 설명했다.,밀양연극촌도 밀양시의 무료 임대계약 해지 통보와 함께 해체 수순을 밟을 것으로 알려졌다.,2.1
1024,제주도에는 오전까지 5㎜가량 비가 내릴 전망이다.,제주도에는 비가 내리고 있는데요.,2.7
1027,위험 회피 편향은 보편 원리에 대한 지지로 이어지기 쉽다.,인간에게는 위험 회피 편향도 있다.,1.8
1031,화가 나는 일이 있어도 참는 것이 좋습니다.,44년생 화가 나도 참는 것이 상책이다.,2.8
1036,박 전 대통령이 받고 있는 혐의를 조목조목 부인할 것으로 관측된다.,박 전 대통령에 대해 묻자 오히려 취재진에게 되물으며 의혹을 부인했습니다.,1.9
1037,규칙안에 따르면 법관대표회의는 117명으로 구성된다.,법관대표회의의 구성원은 각 법원에서 선출한 판사대표 총 117명으로 구성한다.,2.7
1042,깔때기 키워드는 ‘희망’이었다.,그래서 담론이 모여드는 깔때기 키워드는 ‘역차별’이었다.,2.0
1058,사용하던 스마트폰을 반납하면 중고 시세에 최대 10만원을 더 얹어 보상해주는 프로그램이다.,갤럭시S9 시리즈 구매자가 쓰던 단말기를 반납할 경우 중고 시세보다 10만원을 얹어 준다.,3.1
1060,밀양연극촌은 20년째 이 자리를 지켜왔으며 최근 임대계약도 2019년 11월 25일까지로 돼 있다.,20년 간 자리를 지켜온 밀양연극촌이 문을 닫는 셈이다.,1.8
1065,강원도감자종자진흥원의 올봄 전국 씨감자공급량은 5132톤.,강원도내에 공급되는 올봄 씨감자 공급량도 1710톤으로 지난해 보다 4.8% 감소한 1796톤이 공급된다.,2.2
1067,해당 공연 티켓은 멜론 티켓에서 20일 낮 12시부터 구매할 수 있다.,‘대학로 릴레이 콘서트’의 티켓은 인터파크와 멜론티켓을 통해 예매할 수 있습니다.,1.9
1070,[헤럴드경제=이슈섹션] 중견배우이자 명지전문대학 부교수인 최용민이 성추행 의혹에 휩싸였다.,최용민 [헤럴드경제 스타&컬처팀] 연극배우 최용민이 성추행 의혹을 인정하고 사과했다.,2.0
1075,“기회는 평등할 것입니다.,행동하면 새로운 기회를 얻을 수 있을 것입니다.,1.9
1080,두 지역 모두 전날보다 1도가량 낮겠다.,내일 아침 기온 오늘보다 1도에서 3도가량 낮겠습니다.,2.5
1082,카카오 관계자는 “ICO 등 구체적인 사업 계획은 세부적으로 정해진 바 없다”고 설명했다.,카카오블록체인이 어떤 사업을 전개할지는 구체적으로 알려지지 않았다.,2.1
1084,정재웅이 기록을 확인하고 있다.,정재웅이 역주하고 있다.,2.6
1094,선정 작품은 심사를 거쳐 4월 초에 발표된다.,선정 결과는 오는 8월 홈페이지를 통해 발표된다.,2.1
1100,현지 모델들이 KT(위쪽)와 SK텔레콤의 출품 서비스를 소개하고 있다.,SK텔레콤 모델들이 홀로박스를 소개하고 있다.,2.3
1103,검은사막 모바일은 서비스 하루 만에 구글플레이 매출 5위에 올랐다.,애플 앱스토어 매출 1위에 오른 검은사막 모바일.,1.9
1110,7일 배현진이 MBC에 사직서를 제출한 소식이 알려졌다.,MBC에 사직서를 제출한 배현진 앵커가 정치계에 입문한다.,2.5
1123,‘무약정 플랜’은 지급받은 포인트를 요금이나 단말대금 납부에 사용 가능 제도다.,적립된 포인트는 요금 또는 단말 할부원금(최대 5만원) 납부에 사용할 수 있다.,2.3
1126,그 외에도 통화를 50분까지 제공하며 문자도 무제한이다.,200MB 데이터와 음성통화 50분을 제공한다.,1.8
1133,일의 경중과 우선순위를 잘 따져서 움직이세요.,95년생 - 일의 경중과 우선순위를 잘 따져야 할 때입니다.,2.7
1141,바깥 일은 순조로우나 안이 시끄러울 수 있어요.,바깥 일은 바깥에서 처리하는 것이 좋습니다.,2.0
1143,꾸준하고 일관성있는 모습을 보여야 하는 시기입니다.,주변 사람들에게 모범을 보여야 하는 시기입니다.,2.0
1145,갑자기 목돈이 필요하거나 지출이 늘어날 수 있어요.,친구나 동료와 어울려 지출이 늘어날 수 있어요.,2.1
1149,나가는 만큼 들어오는 것도 많을 거예요.,주위에 베푼 만큼 얻는 것도 많을 것입니다.,1.9
1197,경찰은 질본 역학조사 결과에 따라 교수 2명을 추가 입건하기로 했다.,경찰은 의사 2명을 추가 입건할 방침이다.,2.5
1202,수입된 백신은 식품의약품안전처의 국가검정이 완료되면 민간의료기관으로 공급된다.,식품의약품안전처 국가검정을 마쳐야 민간 의료기관에 보급될 수 있기 때문이다.,3.1
1203,이후 소셜미디어에서 이 연출에게 성추행을 당했다는 폭로가 잇따랐고 성폭행이 있었다는 주장도 나왔다.,스스로는 성추행이었다고 했으나 “성폭행을 당했다”는 주장도 나왔다.,2.7
1205,특히 전국적으로 대기가 바짝 마른 날들이 연일 이어지고 있다.,전국적으로 건조특보가 이어지고 있습니다.,2.2
1207,겸손하면 겸손할수록 행운이 따를 것입니다.,강한 행운도 따르니 즐거움이 이어질 것입니다.,2.1
1208,화웨이는 25일(현지시간) 스페인 바르셀로나 국제컨벤션센터에서 프레스 컨퍼런스를 열고 메이트북X프로와 미디어패드M5 시리즈를 소개했다.,25일(현지시각) 화웨이는 스페인 바르셀로나 바르셀로나 컨벤션센터(CCIB)에서 프레스 컨퍼런스를 개최했다.,2.3
1210,이씨는 그러나 안마와 발성연습을 빙자한 성추행만 인정하고 성폭행 의혹은 사실이 아니라고 부인했다.,"이감독은 회견을 열어 성추행 사실을 인정하고 피해자들에게 공개사과했지만 “성폭행은 인정할 수 없다.""고 말했다",1.9
1212,"A씨는 경찰에서 ""구매 대금으로 받은 돈은 채무변제와 생활비에 썼다""고 진술했다.","A씨는 경찰조사에서 ""생활비가 부족해 범행을 저질렀다""고 진술한 것으로 전해졌다.",2.3
1213,애정 문제도 발생하기 쉬우니 주의하는 것이 좋습니다.,애정은 신중하게 문제에 대처하는 것이 좋다.,2.7
1214,이날 일평균 미세먼지 농도는 '보통'을 나타내겠다.,이날 대기 확산이 원활해면서 일평균 미세먼지 농도는 모든 지역에서 '보통' 수준을 보이겠다.,3.1
1216,"검찰은 조사한 뒤, 구속영장 청구 여부를 최종 결정할 계획입니다.",검찰은 보강 수사를 거쳐 영장을 재청구할지를 결정할 방침이다.,3.2
1218,이소라를 모델로 내세워 디자인과 기능성을 갖춘 LBL SPORT 시그니처 트랙수트 3종(11만9천원)을 내놓는다.,론칭 방송은 디자인과 기능성을 모두 갖춘 'LBL SPORT 시그니처 트랙수트 3종(11만9000원)'을 판매한다.,3.0
1219,이 글은 현재 1천500여 명의 지지를 받으며 인터넷 상에서 공유되고 있다.,이 청원에는 현재 1천500명 가량이 찬성 의견을 표시하고 있다.,2.4
1222,SK텔레콤은 기존 키즈폰 사용자를 위해서 특별한 혜택을 마련했다.,기존 키즈폰 고객을 위해선 할인 혜택을 마련했다.,3.2
1225,LG전자는 기존 V30 고객도 즐길 수 있도록 소프트웨어 업데이트를 진행한다.,기존 V30 이용고객은 소프트웨어 업그레이드를 통해 공감형 AI를 이용할 수 있다.,2.4
1227,얼굴 근육은 포유류 중에서도 가장 사교적인 영장류에서 가장 발달했다.,포유류 중에서 가장 표정이 풍부하다.,1.8
1228,역지사지의 자세로 상대방의 입장에서 생각하세요.,상대방에 입장에서 생각하고 말해야 합니다.,2.8
1229,자다가도 떡이 생길 것입니다.,어른 말을 들으면 자다가도 떡이 생길 거에요.,3.0
1232,더불어민주당 간사인 홍익표 의원이 21일 국회에서 열린 산업통상자원중소벤처기업위원회 전체회의를 주재하고 있다.,자유한국당 김정훈 의원이 21일 국회에서 열린 산업통상자원중소벤처기업위원회 전체회의에서 질의하고 있다.,3.0
1235,이를 위해 올해 예산에 18억5760만원을 짜둔 상태다.,이를 위해 시는 올해 20억6200만원의 추경예산을 편성했다.,2.7
1238,한편 A씨 외에 또다른 유명 연극연출가의 성추행 의혹도 제기됐다.,한편 A씨는 웹툰 작가 B씨의 폭로로 성추행 의혹을 받고 있다.,2.0
1239,6일 오후 서울 은평구 은혜초등학교 운동장에서 한 학생이 뛰어놀고 있다.,6일 오후 서울 마포구 월드컵공원에 마련된 반려견 놀이터에서 반려견들이 뛰어놀고 있다.,2.2
1243,"고문헌에 관심 있는 사람은 누구나 참가할 수 있으며, 수강료는 무료다.",자연과 과학에 관심이 있는 사람이라면 누구나 참여가 가능하다.,1.8
1245,경부고속도로 서울 방향은 옥산하이패스나들목→목천나들목 21.3㎞ 구간에서만 차량이 서행한다.,서해안고속도로 서울방향은 일직분기점→금천나들목 3.8㎞ 구간에서 차량이 거북이걸음을 하고 있다.,2.5
1250,매주 금요일 아침 8시 30분부터 9시 30분까지 방송된다.,오전 8시 30분부터 오후 5시 30분까지 운영한다.,2.5
1255,부산 동래경찰서는 현주건조물방화 혐의로 백모(63) 씨를 구속했다고 2일 밝혔다.,부산 동부경찰서는 강도 등 혐의로 최모(31)씨를 구속했다고 5일 밝혔다.,2.7
1276,다른 사람과의 경쟁은 피하는 것이 좋습니다.,다른 사람의 입에 오르내릴 만한 일은 피하는 것이 좋습니다.,2.5
1283,"앉아서 기다리기 보다는, 먼저 나서는 것이 좋습니다.",인내하면서 기다리는 것이 좋습니다.,2.1
1285,이날 강원 지역의 미세먼지 일평균 농도는 '보통'으로 예보됐다.,이날 대기 확산이 원활해면서 일평균 미세먼지 농도는 모든 지역에서 '보통' 수준을 보이겠다.,2.8
1292,충남 공주경찰서는 23일 사기 혐의로 A(27) 씨를 구속했다.,부산 동래경찰서는 사기방조 등 혐의로 A(22)씨를 구속하고 B(23)씨를 불구속 입건했다고 25일 밝혔다.,1.8
1306,수요일인 21일은 전국이 가끔 구름이 많고 전날보다 기온이 다소 내려가겠다.,월요일인 26일은 전국이 대체로 맑고 평년보다 기온이 올라 포근할 전망이다.,2.7
1311,엄씨는 지난 27일 방송된 JTBC '뉴스룸'의 인터뷰를 응했다.,김씨는 지난 1일 방송된 JTBC '뉴스룸'에 출연해 손석희 앵커와 대화를 나눴다.,2.2
1314,매사에 확인과 점검을 철저히 하는 것이 좋습니다.,매사에 속전속결하는 것이 좋습니다.,2.1
1319,KT의 모델들이 스페인 바르셀로나에서 MWC 2018에 참가하는 KT를 홍보하고 있다.,KT가 스페인 바르셀로나에서 열리는 MWC 2018에서 선보이는 차세대 차량용 인포테인먼트 체험존 조감도.,2.2
1331,"디지털정보화수준은 디지털 접근수준과 디지털 역량수준, 디지털 활용수준을 합산한 결과다.",디지털 기기 활용 정도를 나타내는 디지털 활용 수준은 65.3%로 나타났다.,2.0
1333,재물운은 평탄한 편이지만 어딘가에 투자를 하는 것은 좋지 않습니다.,재물운이 나쁘지 않지만 특히 시험운이 좋은 때입니다.,2.0
1337,"최 회장 부부는 1988년 결혼해 1남 2녀를 뒀고, 상당 기간 별거했다.",1943년 결혼한 부부는 슬하에 2남3녀를 뒀다.,1.8
1338,더 자세한 사항 및 문의내용은 복지정책과에서 안내받을 수 있다.,더 자세한 사항은 홈페이지를 통해 확인할 수 있다.,2.6
1340,경남 창녕군이 2017년 민원서비스 종합평가에서 최우수기관으로 선정됐다.,경남 양산시가 행정안전부 주관 옥외광고업무 평가에서 우수기관으로 선정됐다.,2.0
1348,시범공역은 4월부터 12월까지 운영된다.,귀가 서비스는 12월까지 운영한다.,2.2
1349,아랫사람의 말이라도 무시하지 마세요.,다른 사람의 말은 함부로 믿지 마세요.,2.4
1353,"경포권역은 30분 간격으로 하루 17회, 정동진권역은 1시간 간격으로 하루 7회 운영된다.","배차 간격 30분, 1일 14회 운영.",2.4
1371,중대한 결정은 피하도록 하세요.,지나친 과음은 피하도록 하세요.,2.0
1379,다만 오전까지 일부 지역에서 미세먼지 농도가 나쁨 수준으로 예상된다.,다만 일부 중서부지역은 대기정체로 오전에 농도가 다소 높을 것으로 예상된다.,3.2
1381,2018 광양매화축제가 3월 17∼25일 전남 광양시 다압면 매화마을에서 열린다.,제19회 구례산수유꽃축제가 17~25일 산수유마을 일원에서 열린다.,2.7
1385,싱글인 분이라면 짧게 타오르는 사랑을 할 수도 있습니다.,싱글인 분이라면 우연한 만남이 당신에게 행운을 줄 수 있습니다.,2.0
1391,KT는 롯데렌탈 ‘묘미’와의 제휴를 통해 가전제품뿐만 아니라 라이프스타일 제품까지 라인업을 확대했다.,이번 기획전에서는 묘미와의 제휴를 통해 가전제품 뿐만 아니라 생활 제품까지 라인업을 확대했다.,2.7
1395,나서야 할 때와 물러나야 할 때를 잘 구분하세요.,버려야 할 것과 취할 것을 잘 구분해야 합니다.,1.9
1400,허나 지나친 허세나 과장은 피하도록 하세요.,지나친 과음이나 놀이는 피하세요.,1.8
1406,또 성폭력특별법에도 2년 이하의 징역이나 500만 원 이하의 벌금형에 처하도록 돼 있습니다.,이를 위반할 경우 3년 이하의 징역 또는 600만원 이하의 벌금에 처해진다.,2.3
1420,내달부터 연말까지 추진하는 이 사업에는 3억7천만원을 투입한다.,이 사업에는 5억5000만원이 투입된다.,1.8
1444,대중이 생각하는 공정함에 대해 들여다보았다.,대중들이 생각하는 지점에 대해 스스로도 당연하게 여긴다.,2.2
1465,불만이 있더라도 손윗사람의 말을 잘 따르세요.,아랫사람의 말에도 귀를 기울이세요.,2.0
1468,지난해 대구 엑스코에서 열린 기업애로해결박람회에 참가한 기업인들이 부스에서 상담을 받고 있다.,중소기업의 해결사 역할을 하는 제4회 기업애로해결박람회가 오는 27~28일 대구 엑스코에서 열린다.,2.0
1474,식품위생법상 미신고 음식점 영업은 3년 이하의 징역형에 3천만원의 벌금형에 처한다.,이를 위반할 경우 3년 이하의 징역 또는 600만원 이하의 벌금에 처해진다.,2.1
1482,적게 시작해서 크게 얻을 수 있는 날입니다.,커다란 변화가 시작되는 날이라고 할 수 있습니다.,2.4
1483,작게 얻고 크게 잃을 수 있으니 주의하는 것이 좋습니다.,작은 변화도 놓치지 않는 것이 좋습니다.,2.5
1484,B는 A의 제안이 마음에 들면 받아들이고 돈을 나눠 갖는다.,이제 A는 이 돈을 어떻게 나눠 가질지를 B에게 제안한다(최후통첩).,2.5
1486,제주도 산지에는 눈이 내려 1∼3㎝ 쌓일 것으로 보인다.,제주도는 비가 조금 오겠고 산지로는 눈이 내리겠습니다.,3.0
1492,흰 장미는 성폭력 피해 고발 캠페인인 ‘미투’를 상징한다.,흰 장미는 '위드유' 운동을 상징한다.,2.9
1501,꺼림칙한 사람이나 불필요한 자리는 피하도록 하세요.,되도록 많은 사람들이 모이는 자리에 빠지지 않도록 하세요.,2.1
1625,내키지 않는 모임도 피하도록 하세요.,지나친 고집은 피하도록 하세요.,2.0
1665,낙동강물을 사용하면 원수 대금뿐만 아니라 물이용 부담금을 따로 내야 한다.,원수 대금과 물이용 부담금도 없었다.,2.3
1721,평창패럴림픽 개막일인 9일 오전 강원 평창군 일대에 긴급 제설작전이 펼쳐졌다.,2018 평창동계패럴림픽 개막일인 9일 오전 강원도 평창 바이애슬론센터에서 선수들이 훈련하고 있다.,2.2
1804,자기 중심적인 처세는 구설을 부를 수 있습니다.,구설이나 언쟁에 휘말릴 수 있어요.,2.3
